"Status","Name","Duration in ms","Description"
"passed","test_load.TestLoad.test_load001","11027",""
"passed","test_load.TestLoad.test_load008","6479",""
"passed","test_load.TestLoad.test_load007","6289",""
"passed","test_load.TestLoad.test_load009","6405",""
"passed","test_load.TestLoad.test_load004","7776",""
"passed","test_load.TestLoad.test_load006","5932",""
"passed","test_load.TestLoad.test_load003","6606",""
"passed","test_load.TestLoad.test_load005","7326",""
"passed","test_load.TestLoad.test_load002","7164",""
